Klimaabzockerei;Klimagau;Klimakrieger;Klimaschwindel
Klimaaktivismus;Klimagefahr;Klimakritik;Klimaschwindler
Klimaaktivist;Klimagefasel;Klimakritiker;Klimaschänder
Klimaaktivistin;Klimagerechtigkeit;Klimakult;Klimaschändung
Klimaalarm;Klimageschrei;Klimakäse;Klimasekte
Klimaalarmist;Klimageschäft;Klimakönigin;Klimasektierer
Klimaanbeter;Klimagesinnung;Klimalaie;Klimashow
Klimaapokalypse;Klimaglaube;Klimaleidenschaftlichkeit;Klimaskepsis
Klimaapokalyptiker;Klimaglaubensbekenntnis;Klimaleugner;Klimaskeptiker
Klimaapostel;Klimaglaubenslehre;Klimaleugnung;Klimaskeptikerin
Klimaargument;Klimagläubigkeit;Klimalobby;Klimaskeptizismus
Klimaarmageddon;Klimagnom;Klimalösegeld;Klimasozialismus
Klimaasyl;Klimagott;Klimalüge;Klimaspinner
Klimaaufschrei;Klimagunst;Klimalügner;Klimastaat
Klimaaufstand;Klimagöttin;Klimamacher;Klimastopp
Klimabankrott;Klimahardliner;Klimamafia;Klimastreit
Klimabeeinflussung;Klimaherausforderung;Klimamahnwache;Klimastreiter
Klimabefürworter;Klimahoax;Klimamanipulation;Klimataliban
Klimabesoffenheit;Klimahokuspokus;Klimamantra;Klimateppich
Klimabesorgnis;Klimahose;Klimamilliardär;Klimateufel
Klimabetrug;Klimahybris;Klimamisere;Klimatheater
Klimabetrüger;Klimahype;Klimamonster;Klimatheologie
Klimabewegtheit;Klimahypothese;Klimamutti;Klimatod
Klimabibel;Klimahysterie;Klimamärchenonkel;Klimatrash
Klimabigotterie;Klimahysteriker;Klimanationalismus;Klimatraumatisierung
Klimabluff;Klimahölle;Klimanonsens;Klimatrip
Klimablödsinn;Klimahüpfer;Klimanotfall;Klimatyrannei
Klimabrandstifter;Klimaideologie;Klimanotlage;Klimaunfug
Klimabremser;Klimaikone;Klimanotstandsregierung;Klimaunfähigkeit
Klimachaos;Klimainsider;Klimaorthodoxie;Klimaungerechtigkeit
Klimacrash;Klimaintelligenz;Klimapanik;Klimaunsinn
Klimadampfer;Klimairrsinn;Klimapanikmache;Klimauntergang
Klimademagoge;Klimajünger;Klimapapst;Klimavatikan
Klimadepression;Klimakabarett;Klimaparadies;Klimaverblödung
Klimadialektik;Klimakaiserin;Klimapflicht;Klimaverbrechen
Klimadiktatur;Klimakamarilla;Klimaplanwirtschaft;Klimaverbrecher
Klimadiplomatie;Klimakampf;Klimapolemik;Klimaverdummung
Klimadogma;Klimakanzler;Klimapopulismus;Klimaverleugnung
Klimadonna;Klimakanzlerin;Klimaprediger;Klimavernunft
Klimadramatik;Klimakarawane;Klimapresse;Klimaverrücktheit
Klimadürre;Klimakasteiung;Klimaprofessor;Klimaverstand
Klimaelite;Klimakataklysmus;Klimaprofiteur;Klimaverteidigung
Klimaerkrankung;Klimakatastrophentheorie;Klimapropaganda;Klimaverweigerung
Klimaernsthaftigkeit;Klimakatechismus;Klimapropagandafilm;Klimaverwirrung
Klimaerzählung;Klimaketzer;Klimapropagandist;Klimavirus
Klimaestablishment;Klimakirche;Klimaprotestler;Klimawahn
Klimaethik;Klimaklamauk;Klimapseudowissenschaft;Klimawahnsinn
Klimaextremismus;Klimaklempner;Klimapäckchen;Klimawandler
Klimafachkraft;Klimakleriker;Klimapäpstin;Klimawarner
Klimafanatiker;Klimakollekte;Klimaquatsch;Klimaweltuntergang
Klimafeind;Klimakolonialismus;Klimarealismus;Klimawendehals
Klimafestung;Klimakommissar;Klimarealist;Klimawirklichkeit
Klimafieber;Klimakompetenz;Klimareligion;Klimazar
Klimafluch;Klimakonfusion;Klimaretter;Klimazerrüttung
Klimaflüsterer;Klimakonklave;Klimaretterin;Klimazerstörer
Klimafreund;Klimakonsens;Klimarettung;Klimazerstörung
Klimafreundin;Klimakonsortium;Klimascharade;Klimazeugs
Klimafreundlichkeit;Klimakontrolle;Klimaschiff;Klimazipfel
Klimafront;Klimakontroverse;Klimaschmerz;Klimazirkus
Klimaführerin;Klimakreationismus;Klimaschrecken;Klimazunft
Klimagangster;Klimakreuzzug;Klimaschuld;Klimazwang
Klimagarde;Klimakrieg;Klimaschwachsinn;Klimaüberhitzung