Klimaabzockerei;Klimafachkraft;Klimakaiserin;Klimamisere;Klimaorthodoxie;Klimastreit
Klimaaktivismus;Klimafanatiker;Klimakamarilla;Klimamonster;Klimapanik;Klimastreiter
Klimaaktivist;Klimafeind;Klimakampf;Klimamutti;Klimapanikmache;Klimataliban
Klimaaktivistin;Klimafestung;Klimakanzler;Klimamärchenonkel;Klimapapst;Klimateppich
Klimaalarm;Klimafieber;Klimakanzlerin;Klimanationalismus;Klimaparadies;Klimateufel
Klimaalarmist;Klimafluch;Klimakarawane;Klimanonsens;Klimapflicht;Klimatheater
Klimaanbeter;Klimaflüsterer;Klimakasteiung;Klimanotfall;Klimaplanwirtschaft;Klimatheologie
Klimaapokalypse;Klimafreund;Klimakataklysmus;Klimanotlage;Klimapolemik;Klimatod
Klimaapokalyptiker;Klimafreundin;Klimakatastrophentheorie;Klimanotstandsregierung;Klimapopulismus;Klimatrash
Klimaapostel;Klimafreundlichkeit;Klimakatechismus;Klimaorthodoxie;Klimaprediger;Klimatraumatisierung
Klimaargument;Klimafront;Klimaketzer;Klimapanik;Klimapresse;Klimatrip
Klimaarmageddon;Klimaführerin;Klimakirche;Klimapanikmache;Klimaprofessor;Klimatyrannei
Klimaasyl;Klimagangster;Klimaklamauk;Klimapapst;Klimaprofiteur;Klimaunfug
Klimaaufschrei;Klimagarde;Klimaklempner;Klimaparadies;Klimapropaganda;Klimaunfähigkeit
Klimaaufstand;Klimagau;Klimakleriker;Klimapflicht;Klimapropagandafilm;Klimaungerechtigkeit
Klimabankrott;Klimagefahr;Klimakollekte;Klimaplanwirtschaft;Klimapropagandist;Klimaunsinn
Klimabeeinflussung;Klimagefasel;Klimakolonialismus;Klimapolemik;Klimaprotestler;Klimauntergang
Klimabefürworter;Klimagerechtigkeit;Klimakommissar;Klimapopulismus;Klimapseudowissenschaft;Klimavatikan
Klimabesoffenheit;Klimageschrei;Klimakompetenz;Klimaprediger;Klimapäckchen;Klimaverblödung
Klimabesorgnis;Klimageschäft;Klimakonfusion;Klimapresse;Klimapäpstin;Klimaverbrechen
Klimabetrug;Klimagesinnung;Klimakonklave;Klimaprofessor;Klimaquatsch;Klimaverbrecher
Klimabetrüger;Klimaglaube;Klimakonsens;Klimaprofiteur;Klimarealismus;Klimaverdummung
Klimabewegtheit;Klimaglaubensbekenntnis;Klimakonsortium;Klimapropaganda;Klimarealist;Klimaverleugnung
Klimabibel;Klimaglaubenslehre;Klimakontrolle;Klimapropagandafilm;Klimareligion;Klimavernunft
Klimabigotterie;Klimagläubigkeit;Klimakontroverse;Klimapropagandist;Klimaretter;Klimaverrücktheit
Klimabluff;Klimagnom;Klimakreationismus;Klimaprotestler;Klimaretterin;Klimaverstand
Klimablödsinn;Klimagott;Klimakreuzzug;Klimapseudowissenschaft;Klimarettung;Klimaverteidigung
Klimabrandstifter;Klimagunst;Klimakrieg;Klimapäckchen;Klimascharade;Klimaverweigerung
Klimabremser;Klimagöttin;Klimakrieger;Klimapäpstin;Klimaschiff;Klimaverwirrung
Klimachaos;Klimahardliner;Klimakritik;Klimaquatsch;Klimaschmerz;Klimavirus
Klimacrash;Klimaherausforderung;Klimakritiker;Klimarealismus;Klimaschrecken;Klimawahn
Klimadampfer;Klimahoax;Klimakult;Klimarealist;Klimaschuld;Klimawahnsinn
Klimademagoge;Klimahokuspokus;Klimakäse;Klimareligion;Klimaschwachsinn;Klimawandler
Klimadepression;Klimahose;Klimakönigin;Klimaretter;Klimaschwindel;Klimawarner
Klimadialektik;Klimahybris;Klimalaie;Klimaretterin;Klimaschwindler;Klimaweltuntergang
Klimadiktatur;Klimahype;Klimaleidenschaftlichkeit;Klimarettung;Klimaschänder;Klimawendehals
Klimadiplomatie;Klimahypothese;Klimaleugner;Klimascharade;Klimaschändung;Klimawirklichkeit
Klimadogma;Klimahysterie;Klimaleugnung;Klimaschiff;Klimasekte;Klimazar
Klimadonna;Klimahysteriker;Klimalobby;Klimaschmerz;Klimasektierer;Klimazerrüttung
Klimadramatik;Klimahölle;Klimalösegeld;Klimaschrecken;Klimashow;Klimazerstörer
Klimadürre;Klimahüpfer;Klimalüge;Klimaschuld;Klimaskepsis;Klimazerstörung
Klimaelite;Klimaideologie;Klimalügner;Klimaschwachsinn;Klimaskeptiker;Klimazeugs
Klimaerkrankung;Klimaikone;Klimamacher;Klimamärchenonkel;Klimaskeptikerin;Klimazipfel
Klimaernsthaftigkeit;Klimainsider;Klimamafia;Klimanationalismus;Klimaskeptizismus;Klimazirkus
Klimaerzählung;Klimaintelligenz;Klimamahnwache;Klimanonsens;Klimasozialismus;Klimazunft
Klimaestablishment;Klimairrsinn;Klimamanipulation;Klimanotfall;Klimaspinner;Klimazwang
Klimaethik;Klimajünger;Klimamantra;Klimanotlage;Klimastaat;Klimaüberhitzung
Klimaextremismus;Klimakabarett;Klimamilliardär;Klimanotstandsregierung;;