original,second_part,noun_forms,lemma,genus,compound_forms
klimaabzockerei,abzockerei,"['abzockerei', 'abzockereien']",abzockerei,f,"['klimaabzockerei', 'klimaabzockereien']"
klimaaktivismus,aktivismus,['aktivismus'],aktivismus,m,['klimaaktivismus']
klimaaktivist,aktivist,"['aktivisten', 'aktivist']",aktivist,m,"['klimaaktivisten', 'klimaaktivist']"
klimaaktivistin,aktivistin,"['aktivistinnen', 'aktivistin']",aktivistin,f,"['klimaaktivistinnen', 'klimaaktivistin']"
klimaalarm,alarm,"['alarms', 'alarm', 'alarmen', 'alarme', 'alarmes']",alarm,m,"['klimaalarms', 'klimaalarm', 'klimaalarmen', 'klimaalarme', 'klimaalarmes']"
klimaalarmist,alarmist,"['alarmist', 'alarmisten']",alarmist,m,"['klimaalarmist', 'klimaalarmisten']"
klimaanbeter,anbeter,"['anbeters', 'anbeter', 'anbetern']",anbeter,m,"['klimaanbeters', 'klimaanbeter', 'klimaanbetern']"
klimaapokalypse,apokalypse,"['apokalypse', 'apokalypsen']",apokalypse,f,"['klimaapokalypse', 'klimaapokalypsen']"
klimaapokalyptiker,apokalyptiker,"['apokalyptiker', 'apokalyptikern', 'apokalyptikers']",apokalyptiker,m,"['klimaapokalyptiker', 'klimaapokalyptikern', 'klimaapokalyptikers']"
klimaapostel,apostel,"['aposteln', 'apostels', 'apostel']",apostel,m,"['klimaaposteln', 'klimaapostels', 'klimaapostel']"
klimaargument,argument,"['argumenten', 'argument', 'arguments', 'argumentes', 'argumente']",argument,n,"['klimaargumenten', 'klimaargument', 'klimaarguments', 'klimaargumentes', 'klimaargumente']"
klimaarmageddon,armageddon,"['armageddons', 'armageddon']",armageddon,n,"['klimaarmageddons', 'klimaarmageddon']"
klimaasyl,asyl,"['asylen', 'asyle', 'asyl', 'asyls']",asyl,n,"['klimaasylen', 'klimaasyle', 'klimaasyl', 'klimaasyls']"
klimaaufschrei,aufschrei,"['aufschreie', 'aufschreies', 'aufschreis', 'aufschreien', 'aufschrei']",aufschrei,m,"['klimaaufschreie', 'klimaaufschreies', 'klimaaufschreis', 'klimaaufschreien', 'klimaaufschrei']"
klimaaufstand,aufstand,"['aufstand', 'aufstandes', 'aufstande', 'aufstands', 'aufständen', 'aufstände']",aufstand,m,"['klimaaufstand', 'klimaaufstandes', 'klimaaufstande', 'klimaaufstands', 'klimaaufständen', 'klimaaufstände']"
klimabankrott,bankrott,"['bankrotte', 'bankrottes', 'bankrotten', 'bankrotts', 'bankrott']",bankrott,m,"['klimabankrotte', 'klimabankrottes', 'klimabankrotten', 'klimabankrotts', 'klimabankrott']"
klimabeeinflussung,beeinflussung,"['beeinflussung', 'beeinflussungen']",beeinflussung,f,"['klimabeeinflussung', 'klimabeeinflussungen']"
klimabefürworter,befürworter,"['befürwortern', 'befürworter', 'befürworters']",befürworter,m,"['klimabefürwortern', 'klimabefürworter', 'klimabefürworters']"
klimabesoffenheit,besoffenheit,['besoffenheit'],besoffenheit,f,['klimabesoffenheit']
klimabesorgnis,besorgnis,"['besorgnis', 'besorgnissen', 'besorgnisse']",besorgnis,f,"['klimabesorgnis', 'klimabesorgnissen', 'klimabesorgnisse']"
klimabetrug,betrug,"['betrüge', 'betruge', 'betrugs', 'betrug', 'betruges', 'betrügen']",betrug,m,"['klimabetrüge', 'klimabetruge', 'klimabetrugs', 'klimabetrug', 'klimabetruges', 'klimabetrügen']"
klimabetrüger,betrüger,"['betrügern', 'betrüger', 'betrügers']",betrüger,m,"['klimabetrügern', 'klimabetrüger', 'klimabetrügers']"
klimabewegtheit,bewegtheit,['bewegtheit'],bewegtheit,f,['klimabewegtheit']
klimabibel,bibel,"['bibeln', 'bibel']",bibel,f,"['klimabibeln', 'klimabibel']"
klimabigotterie,bigotterie,"['bigotterie', 'bigotterien']",bigotterie,f,"['klimabigotterie', 'klimabigotterien']"
klimabluff,bluff,"['bluff', 'bluffs']",bluff,m,"['klimabluff', 'klimabluffs']"
klimablödsinn,blödsinn,"['blödsinn', 'blödsinns']",blödsinn,m,"['klimablödsinn', 'klimablödsinns']"
klimabrandstifter,brandstifter,"['brandstifter', 'brandstiftern', 'brandstifters']",brandstifter,m,"['klimabrandstifter', 'klimabrandstiftern', 'klimabrandstifters']"
klimabremser,bremser,"['bremser', 'bremsers', 'bremsern']",bremser,m,"['klimabremser', 'klimabremsers', 'klimabremsern']"
klimachaos,chaos,['chaos'],chaos,n,['klimachaos']
klimacrash,crash,"['crashes', 'crashs', 'crash']",crash,m,"['klimacrashes', 'klimacrashs', 'klimacrash']"
klimadampfer,dampfer,"['dampfer', 'dampfern', 'dampfers']",dampfer,m,"['klimadampfer', 'klimadampfern', 'klimadampfers']"
klimademagoge,demagoge,"['demagoge', 'demagogen']",demagoge,m,"['klimademagoge', 'klimademagogen']"
klimadepression,depression,"['depression', 'depressionen']",depression,f,"['klimadepression', 'klimadepressionen']"
klimadialektik,dialektik,['dialektik'],dialektik,f,['klimadialektik']
klimadiktatur,diktatur,"['diktaturen', 'diktatur']",diktatur,f,"['klimadiktaturen', 'klimadiktatur']"
klimadiplomatie,diplomatie,['diplomatie'],diplomatie,f,['klimadiplomatie']
klimadogma,dogma,"['dogmas', 'dogma', 'dogmata', 'dogmen']",dogma,n,"['klimadogmas', 'klimadogma', 'klimadogmata', 'klimadogmen']"
klimadonna,donna,"['donna', 'donnas', 'donnen']",donna,f,"['klimadonna', 'klimadonnas', 'klimadonnen']"
klimadramatik,dramatik,['dramatik'],dramatik,f,['klimadramatik']
klimadürre,dürre,"['dürren', 'dürre']",dürre,f,"['klimadürren', 'klimadürre']"
klimaelite,elite,"['eliten', 'elite']",elite,f,"['klimaeliten', 'klimaelite']"
klimaerkrankung,erkrankung,"['erkrankung', 'erkrankungen']",erkrankung,f,"['klimaerkrankung', 'klimaerkrankungen']"
klimaernsthaftigkeit,ernsthaftigkeit,['ernsthaftigkeit'],ernsthaftigkeit,f,['klimaernsthaftigkeit']
klimaerzählung,erzählung,"['erzählungen', 'erzählung']",erzählung,f,"['klimaerzählungen', 'klimaerzählung']"
klimaestablishment,establishment,"['establishment', 'establishments']",establishment,n,"['klimaestablishment', 'klimaestablishments']"
klimaethik,ethik,"['ethiken', 'ethik']",ethik,f,"['klimaethiken', 'klimaethik']"
klimaextremismus,extremismus,"['extremismus', 'extremismen']",extremismus,m,"['klimaextremismus', 'klimaextremismen']"
klimafachkraft,fachkraft,"['fachkraft', 'fachkräfte', 'fachkräften']",fachkraft,f,"['klimafachkraft', 'klimafachkräfte', 'klimafachkräften']"
klimafanatiker,fanatiker,"['fanatiker', 'fanatikern', 'fanatikers']",fanatiker,m,"['klimafanatiker', 'klimafanatikern', 'klimafanatikers']"
klimafeind,feind,"['feinds', 'feind', 'feinde', 'feindes', 'feinden']",feind,m,"['klimafeinds', 'klimafeind', 'klimafeinde', 'klimafeindes', 'klimafeinden']"
klimafestung,festung,"['festungen', 'festung']",festung,f,"['klimafestungen', 'klimafestung']"
klimafieber,fieber,"['fiebers', 'fieber', 'fiebern']",fieber,n,"['klimafiebers', 'klimafieber', 'klimafiebern']"
klimafluch,fluch,"['fluches', 'flüche', 'fluch', 'flüchen', 'fluchs']",fluch,m,"['klimafluches', 'klimaflüche', 'klimafluch', 'klimaflüchen', 'klimafluchs']"
klimaflüsterer,flüsterer,"['flüsterer', 'flüsterern', 'flüsterers']",flüsterer,m,"['klimaflüsterer', 'klimaflüsterern', 'klimaflüsterers']"
klimafreund,freund,"['freund', 'freundes', 'freunden', 'freunde', 'freunds']",freund,m,"['klimafreund', 'klimafreundes', 'klimafreunden', 'klimafreunde', 'klimafreunds']"
klimafreundin,freundin,"['freundin', 'freundinnen']",freundin,f,"['klimafreundin', 'klimafreundinnen']"
klimafreundlichkeit,freundlichkeit,"['freundlichkeiten', 'freundlichkeit']",freundlichkeit,f,"['klimafreundlichkeiten', 'klimafreundlichkeit']"
klimafront,front,"['front', 'fronten']",front,f,"['klimafront', 'klimafronten']"
klimaführerin,führerin,"['führerinnen', 'führerin']",führerin,f,"['klimaführerinnen', 'klimaführerin']"
klimagangster,gangster,"['gangsters', 'gangstern', 'gangster']",gangster,m,"['klimagangsters', 'klimagangstern', 'klimagangster']"
klimagarde,garde,"['garden', 'garde']",garde,f,"['klimagarden', 'klimagarde']"
klimagau,gau,"['gauen', 'gaues', 'gaus', 'gau', 'gaue']",gau,m,"['klimagauen', 'klimagaues', 'klimagaus', 'klimagau', 'klimagaue']"
klimagefahr,gefahr,"['gefahr', 'gefahren']",gefahr,f,"['klimagefahr', 'klimagefahren']"
klimagefasel,gefasel,"['gefasel', 'gefasels']",gefasel,n,"['klimagefasel', 'klimagefasels']"
klimagerechtigkeit,gerechtigkeit,"['gerechtigkeit', 'gerechtigkeiten']",gerechtigkeit,f,"['klimagerechtigkeit', 'klimagerechtigkeiten']"
klimageschrei,geschrei,"['geschreis', 'geschrei']",geschrei,n,"['klimageschreis', 'klimageschrei']"
klimageschäft,geschäft,"['geschäfte', 'geschäfts', 'geschäften', 'geschäft', 'geschäftes']",geschäft,n,"['klimageschäfte', 'klimageschäfts', 'klimageschäften', 'klimageschäft', 'klimageschäftes']"
klimagesinnung,gesinnung,"['gesinnungen', 'gesinnung']",gesinnung,f,"['klimagesinnungen', 'klimagesinnung']"
klimaglaube,glaube,"['glaubens', 'glaube', 'glauben']",glaube,m,"['klimaglaubens', 'klimaglaube', 'klimaglauben']"
klimaglaubensbekenntnis,glaubensbekenntnis,"['glaubensbekenntnissen', 'glaubensbekenntnisses', 'glaubensbekenntnisse', 'glaubensbekenntnis']",glaubensbekenntnis,n,"['klimaglaubensbekenntnissen', 'klimaglaubensbekenntnisses', 'klimaglaubensbekenntnisse', 'klimaglaubensbekenntnis']"
klimaglaubenslehre,glaubenslehre,"['glaubenslehre', 'glaubenslehren']",glaubenslehre,f,"['klimaglaubenslehre', 'klimaglaubenslehren']"
klimagläubigkeit,gläubigkeit,['gläubigkeit'],gläubigkeit,f,['klimagläubigkeit']
klimagnom,gnom,"['gnome', 'gnoms', 'gnomen', 'gnom']",gnom,m,"['klimagnome', 'klimagnoms', 'klimagnomen', 'klimagnom']"
klimagott,gott,"['gott', 'gotts', 'götter', 'göttern', 'gotte', 'gottes']",gott,m,"['klimagott', 'klimagotts', 'klimagötter', 'klimagöttern', 'klimagotte', 'klimagottes']"
klimagunst,gunst,['gunst'],gunst,f,['klimagunst']
klimagöttin,göttin,"['göttin', 'göttinnen']",göttin,f,"['klimagöttin', 'klimagöttinnen']"
klimahardliner,hardliner,"['hardliner', 'hardlinern', 'hardliners']",hardliner,m,"['klimahardliner', 'klimahardlinern', 'klimahardliners']"
klimaherausforderung,herausforderung,"['herausforderungen', 'herausforderung']",herausforderung,f,"['klimaherausforderungen', 'klimaherausforderung']"
klimahoax,hoax,"['hoax', 'hoaxes']",hoax,m,"['klimahoax', 'klimahoaxes']"
klimahokuspokus,hokuspokus,['hokuspokus'],hokuspokus,m,['klimahokuspokus']
klimahose,hose,"['hosen', 'hose']",hose,f,"['klimahosen', 'klimahose']"
klimahybris,hybris,['hybris'],hybris,f,['klimahybris']
klimahype,hype,"['hype', 'hypes']",hype,m,"['klimahype', 'klimahypes']"
klimahypothese,hypothese,"['hypothese', 'hypothesen']",hypothese,f,"['klimahypothese', 'klimahypothesen']"
klimahysterie,hysterie,"['hysterien', 'hysterie']",hysterie,f,"['klimahysterien', 'klimahysterie']"
klimahysteriker,hysteriker,"['hysteriker', 'hysterikers', 'hysterikern']",hysteriker,m,"['klimahysteriker', 'klimahysterikers', 'klimahysterikern']"
klimahölle,hölle,"['höllen', 'hölle']",hölle,f,"['klimahöllen', 'klimahölle']"
klimahüpfer,hüpfer,"['hüpfers', 'hüpfer', 'hüpfern']",hüpfer,m,"['klimahüpfers', 'klimahüpfer', 'klimahüpfern']"
klimaideologie,ideologie,"['ideologien', 'ideologie']",ideologie,f,"['klimaideologien', 'klimaideologie']"
klimaikone,ikone,"['ikone', 'ikonen']",ikone,f,"['klimaikone', 'klimaikonen']"
klimainsider,insider,"['insidern', 'insider', 'insiders']",insider,m,"['klimainsidern', 'klimainsider', 'klimainsiders']"
klimaintelligenz,intelligenz,"['intelligenz', 'intelligenzen']",intelligenz,f,"['klimaintelligenz', 'klimaintelligenzen']"
klimairrsinn,irrsinn,"['irrsinnes', 'irrsinns', 'irrsinn']",irrsinn,m,"['klimairrsinnes', 'klimairrsinns', 'klimairrsinn']"
klimajünger,jünger,"['jüngern', 'jüngers', 'jünger']",jünger,m,"['klimajüngern', 'klimajüngers', 'klimajünger']"
klimakabarett,kabarett,"['kabaretten', 'kabarett', 'kabarette', 'kabaretts']",kabarett,n,"['klimakabaretten', 'klimakabarett', 'klimakabarette', 'klimakabaretts']"
klimakaiserin,kaiserin,"['kaiserin', 'kaiserinnen']",kaiserin,f,"['klimakaiserin', 'klimakaiserinnen']"
klimakamarilla,kamarilla,"['kamarilla', 'kamarillen']",kamarilla,f,"['klimakamarilla', 'klimakamarillen']"
klimakampf,kampf,"['kampf', 'kampfs', 'kämpfen', 'kämpfe', 'kampfe', 'kampfes']",kampf,m,"['klimakampf', 'klimakampfs', 'klimakämpfen', 'klimakämpfe', 'klimakampfe', 'klimakampfes']"
klimakanzler,kanzler,"['kanzlern', 'kanzler', 'kanzlers']",kanzler,m,"['klimakanzlern', 'klimakanzler', 'klimakanzlers']"
klimakanzlerin,kanzlerin,"['kanzlerinnen', 'kanzlerin']",kanzlerin,f,"['klimakanzlerinnen', 'klimakanzlerin']"
klimakarawane,karawane,"['karawane', 'karawanen']",karawane,f,"['klimakarawane', 'klimakarawanen']"
klimakasteiung,kasteiung,"['kasteiung', 'kasteiungen']",kasteiung,f,"['klimakasteiung', 'klimakasteiungen']"
klimakataklysmus,kataklysmus,"['kataklysmus', 'kataklysmen']",kataklysmus,m,"['klimakataklysmus', 'klimakataklysmen']"
klimakatastrophentheorie,katastrophentheorie,"['katastrophentheorie', 'katastrophentheorien']",katastrophentheorie,f,"['klimakatastrophentheorie', 'klimakatastrophentheorien']"
klimakatechismus,katechismus,"['katechismen', 'katechismus']",katechismus,m,"['klimakatechismen', 'klimakatechismus']"
klimaketzer,ketzer,"['ketzer', 'ketzern', 'ketzers']",ketzer,m,"['klimaketzer', 'klimaketzern', 'klimaketzers']"
klimakirche,kirche,"['kirche', 'kirchen']",kirche,f,"['klimakirche', 'klimakirchen']"
klimaklamauk,klamauk,"['klamauk', 'klamauks']",klamauk,m,"['klimaklamauk', 'klimaklamauks']"
klimaklempner,klempner,"['klempner', 'klempnern', 'klempners']",klempner,m,"['klimaklempner', 'klimaklempnern', 'klimaklempners']"
klimakleriker,kleriker,"['klerikers', 'kleriker', 'klerikern']",kleriker,m,"['klimaklerikers', 'klimakleriker', 'klimaklerikern']"
klimakollekte,kollekte,"['kollekte', 'kollekten']",kollekte,f,"['klimakollekte', 'klimakollekten']"
klimakolonialismus,kolonialismus,['kolonialismus'],kolonialismus,m,['klimakolonialismus']
klimakommissar,kommissar,"['kommissar', 'kommissars', 'kommissaren', 'kommissare']",kommissar,m,"['klimakommissar', 'klimakommissars', 'klimakommissaren', 'klimakommissare']"
klimakompetenz,kompetenz,"['kompetenzen', 'kompetenz']",kompetenz,f,"['klimakompetenzen', 'klimakompetenz']"
klimakonfusion,konfusion,"['konfusionen', 'konfusion']",konfusion,f,"['klimakonfusionen', 'klimakonfusion']"
klimakonklave,konklave,"['konklave', 'konklaves', 'konklaven']",konklave,n,"['klimakonklave', 'klimakonklaves', 'klimakonklaven']"
klimakonsens,konsens,"['konsense', 'konsens', 'konsenses', 'konsensen']",konsens,m,"['klimakonsense', 'klimakonsens', 'klimakonsenses', 'klimakonsensen']"
klimakonsortium,konsortium,"['konsortium', 'konsortiums', 'konsortien']",konsortium,n,"['klimakonsortium', 'klimakonsortiums', 'klimakonsortien']"
klimakontrolle,kontrolle,"['kontrollen', 'kontrolle']",kontrolle,f,"['klimakontrollen', 'klimakontrolle']"
klimakontroverse,kontroverse,"['kontroversen', 'kontroverse']",kontroverse,f,"['klimakontroversen', 'klimakontroverse']"
klimakreationismus,kreationismus,['kreationismus'],kreationismus,m,['klimakreationismus']
klimakreuzzug,kreuzzug,"['kreuzzügen', 'kreuzzüge', 'kreuzzugs', 'kreuzzuge', 'kreuzzuges', 'kreuzzug']",kreuzzug,m,"['klimakreuzzügen', 'klimakreuzzüge', 'klimakreuzzugs', 'klimakreuzzuge', 'klimakreuzzuges', 'klimakreuzzug']"
klimakrieg,krieg,"['krieg', 'kriege', 'kriegs', 'kriegen', 'krieges']",krieg,m,"['klimakrieg', 'klimakriege', 'klimakriegs', 'klimakriegen', 'klimakrieges']"
klimakrieger,krieger,"['kriegers', 'kriegern', 'krieger']",krieger,m,"['klimakriegers', 'klimakriegern', 'klimakrieger']"
klimakritik,kritik,"['kritik', 'kritiken']",kritik,f,"['klimakritik', 'klimakritiken']"
klimakritiker,kritiker,"['kritikers', 'kritikern', 'kritiker']",kritiker,m,"['klimakritikers', 'klimakritikern', 'klimakritiker']"
klimakult,kult,"['kult', 'kultes', 'kulten', 'kults', 'kulte']",kult,m,"['klimakult', 'klimakultes', 'klimakulten', 'klimakults', 'klimakulte']"
klimakäse,käse,"['käsen', 'käse', 'käses']",käse,m,"['klimakäsen', 'klimakäse', 'klimakäses']"
klimakönigin,königin,"['königin', 'königinnen']",königin,f,"['klimakönigin', 'klimaköniginnen']"
klimalaie,laie,"['laien', 'laie']",laie,m,"['klimalaien', 'klimalaie']"
klimaleidenschaftlichkeit,leidenschaftlichkeit,"['leidenschaftlichkeiten', 'leidenschaftlichkeit']",leidenschaftlichkeit,f,"['klimaleidenschaftlichkeiten', 'klimaleidenschaftlichkeit']"
klimaleugner,leugner,"['leugner', 'leugners', 'leugnern']",leugner,m,"['klimaleugner', 'klimaleugners', 'klimaleugnern']"
klimaleugnung,leugnung,"['leugnung', 'leugnungen']",leugnung,f,"['klimaleugnung', 'klimaleugnungen']"
klimalobby,lobby,"['lobbys', 'lobby']",lobby,f,"['klimalobbys', 'klimalobby']"
klimalösegeld,lösegeld,"['lösegeldern', 'lösegelde', 'lösegeld', 'lösegelder', 'lösegeldes', 'lösegelds']",lösegeld,n,"['klimalösegeldern', 'klimalösegelde', 'klimalösegeld', 'klimalösegelder', 'klimalösegeldes', 'klimalösegelds']"
klimalüge,lüge,"['lüge', 'lügen']",lüge,f,"['klimalüge', 'klimalügen']"
klimalügner,lügner,"['lügners', 'lügnern', 'lügner']",lügner,m,"['klimalügners', 'klimalügnern', 'klimalügner']"
klimamacher,macher,"['machern', 'macher', 'machers']",macher,m,"['klimamachern', 'klimamacher', 'klimamachers']"
klimamafia,mafia,"['mafias', 'mafia']",mafia,f,"['klimamafias', 'klimamafia']"
klimamahnwache,mahnwache,"['mahnwachen', 'mahnwache']",mahnwache,f,"['klimamahnwachen', 'klimamahnwache']"
klimamanipulation,manipulation,"['manipulationen', 'manipulation']",manipulation,f,"['klimamanipulationen', 'klimamanipulation']"
klimamantra,mantra,"['mantra', 'mantras', 'mantren']",mantra,n,"['klimamantra', 'klimamantras', 'klimamantren']"
klimamilliardär,milliardär,"['milliardär', 'milliardären', 'milliardäre', 'milliardärs']",milliardär,m,"['klimamilliardär', 'klimamilliardären', 'klimamilliardäre', 'klimamilliardärs']"
klimamisere,misere,"['miseren', 'misere']",misere,f,"['klimamiseren', 'klimamisere']"
klimamonster,monster,"['monster', 'monstern', 'monsters']",monster,n,"['klimamonster', 'klimamonstern', 'klimamonsters']"
klimamutti,mutti,"['muttis', 'mutti']",mutti,f,"['klimamuttis', 'klimamutti']"
klimamärchenonkel,märchenonkel,"['märchenonkeln', 'märchenonkels', 'märchenonkel']",märchenonkel,m,"['klimamärchenonkeln', 'klimamärchenonkels', 'klimamärchenonkel']"
klimanationalismus,nationalismus,"['nationalismen', 'nationalismus']",nationalismus,m,"['klimanationalismen', 'klimanationalismus']"
klimanonsens,nonsens,"['nonsens', 'nonsenses']",nonsens,m,"['klimanonsens', 'klimanonsenses']"
klimanotfall,notfall,"['notfälle', 'notfällen', 'notfalls', 'notfalles', 'notfalle', 'notfall']",notfall,m,"['klimanotfälle', 'klimanotfällen', 'klimanotfalls', 'klimanotfalles', 'klimanotfalle', 'klimanotfall']"
klimanotlage,notlage,"['notlage', 'notlagen']",notlage,f,"['klimanotlage', 'klimanotlagen']"
klimanotstandsregierung,notstandsregierung,"['notstandsregierung', 'notstandsregierungen']",notstandsregierung,f,"['klimanotstandsregierung', 'klimanotstandsregierungen']"
klimaorthodoxie,orthodoxie,['orthodoxie'],orthodoxie,f,['klimaorthodoxie']
klimapanik,panik,"['panik', 'paniken']",panik,f,"['klimapanik', 'klimapaniken']"
klimapanikmache,panikmache,['panikmache'],panikmache,f,['klimapanikmache']
klimapapst,papst,"['päpsten', 'papst', 'papsts', 'papste', 'päpste', 'papstes']",papst,m,"['klimapäpsten', 'klimapapst', 'klimapapsts', 'klimapapste', 'klimapäpste', 'klimapapstes']"
klimaparadies,paradies,"['paradiese', 'paradiesen', 'paradieses', 'paradies']",paradies,n,"['klimaparadiese', 'klimaparadiesen', 'klimaparadieses', 'klimaparadies']"
klimapflicht,pflicht,"['pflichten', 'pflicht']",pflicht,f,"['klimapflichten', 'klimapflicht']"
klimaplanwirtschaft,planwirtschaft,"['planwirtschaft', 'planwirtschaften']",planwirtschaft,f,"['klimaplanwirtschaft', 'klimaplanwirtschaften']"
klimapolemik,polemik,"['polemiken', 'polemik']",polemik,f,"['klimapolemiken', 'klimapolemik']"
klimapopulismus,populismus,['populismus'],populismus,m,['klimapopulismus']
klimaprediger,prediger,"['prediger', 'predigers', 'predigern']",prediger,m,"['klimaprediger', 'klimapredigers', 'klimapredigern']"
klimapresse,presse,"['presse', 'pressen']",presse,f,"['klimapresse', 'klimapressen']"
klimaprofessor,professor,"['professors', 'professoren', 'professor']",professor,m,"['klimaprofessors', 'klimaprofessoren', 'klimaprofessor']"
klimaprofiteur,profiteur,"['profiteurs', 'profiteur', 'profiteure', 'profiteuren']",profiteur,m,"['klimaprofiteurs', 'klimaprofiteur', 'klimaprofiteure', 'klimaprofiteuren']"
klimapropaganda,propaganda,['propaganda'],propaganda,f,['klimapropaganda']
klimapropagandafilm,propagandafilm,"['propagandafilms', 'propagandafilmes', 'propagandafilmen', 'propagandafilme', 'propagandafilm']",propagandafilm,m,"['klimapropagandafilms', 'klimapropagandafilmes', 'klimapropagandafilmen', 'klimapropagandafilme', 'klimapropagandafilm']"
klimapropagandist,propagandist,"['propagandisten', 'propagandist']",propagandist,m,"['klimapropagandisten', 'klimapropagandist']"
klimaprotestler,protestler,"['protestlern', 'protestler', 'protestlers']",protestler,m,"['klimaprotestlern', 'klimaprotestler', 'klimaprotestlers']"
klimapseudowissenschaft,pseudowissenschaft,"['pseudowissenschaften', 'pseudowissenschaft']",pseudowissenschaft,f,"['klimapseudowissenschaften', 'klimapseudowissenschaft']"
klimapäckchen,päckchen,"['päckchen', 'päckchens']",päckchen,n,"['klimapäckchen', 'klimapäckchens']"
klimapäpstin,päpstin,"['päpstinnen', 'päpstin']",päpstin,f,"['klimapäpstinnen', 'klimapäpstin']"
klimaquatsch,quatsch,"['quatsche', 'quatsches', 'quatschs', 'quatsch']",quatsch,m,"['klimaquatsche', 'klimaquatsches', 'klimaquatschs', 'klimaquatsch']"
klimarealismus,realismus,"['realismen', 'realismus']",realismus,m,"['klimarealismen', 'klimarealismus']"
klimarealist,realist,"['realisten', 'realist']",realist,m,"['klimarealisten', 'klimarealist']"
klimareligion,religion,"['religion', 'religionen']",religion,f,"['klimareligion', 'klimareligionen']"
klimaretter,retter,"['retter', 'rettern', 'retters']",retter,m,"['klimaretter', 'klimarettern', 'klimaretters']"
klimaretterin,retterin,"['retterinnen', 'retterin']",retterin,f,"['klimaretterinnen', 'klimaretterin']"
klimarettung,rettung,"['rettungen', 'rettung']",rettung,f,"['klimarettungen', 'klimarettung']"
klimascharade,scharade,"['scharaden', 'scharade']",scharade,f,"['klimascharaden', 'klimascharade']"
klimaschiff,schiff,"['schiffen', 'schiffes', 'schiffe', 'schiffs', 'schiff']",schiff,n,"['klimaschiffen', 'klimaschiffes', 'klimaschiffe', 'klimaschiffs', 'klimaschiff']"
klimaschmerz,schmerz,"['schmerzes', 'schmerz', 'schmerze', 'schmerzen']",schmerz,m,"['klimaschmerzes', 'klimaschmerz', 'klimaschmerze', 'klimaschmerzen']"
klimaschrecken,schrecken,"['schrecken', 'schreckens']",schrecken,m,"['klimaschrecken', 'klimaschreckens']"
klimaschuld,schuld,"['schulden', 'schuld']",schuld,f,"['klimaschulden', 'klimaschuld']"
klimaschwachsinn,schwachsinn,"['schwachsinns', 'schwachsinnes', 'schwachsinn', 'schwachsinne']",schwachsinn,m,"['klimaschwachsinns', 'klimaschwachsinnes', 'klimaschwachsinn', 'klimaschwachsinne']"
klimaschwindel,schwindel,"['schwindel', 'schwindels']",schwindel,m,"['klimaschwindel', 'klimaschwindels']"
klimaschwindler,schwindler,"['schwindler', 'schwindlern', 'schwindlers']",schwindler,m,"['klimaschwindler', 'klimaschwindlern', 'klimaschwindlers']"
klimaschänder,schänder,"['schänders', 'schändern', 'schänder']",schänder,m,"['klimaschänders', 'klimaschändern', 'klimaschänder']"
klimaschändung,schändung,"['schändungen', 'schändung']",schändung,f,"['klimaschändungen', 'klimaschändung']"
klimasekte,sekte,"['sekte', 'sekten']",sekte,f,"['klimasekte', 'klimasekten']"
klimasektierer,sektierer,"['sektierer', 'sektierern', 'sektierers']",sektierer,m,"['klimasektierer', 'klimasektierern', 'klimasektierers']"
klimashow,show,"['show', 'shows']",show,f,"['klimashow', 'klimashows']"
klimaskepsis,skepsis,['skepsis'],skepsis,f,['klimaskepsis']
klimaskeptiker,skeptiker,"['skeptiker', 'skeptikers', 'skeptikern']",skeptiker,m,"['klimaskeptiker', 'klimaskeptikers', 'klimaskeptikern']"
klimaskeptikerin,skeptikerin,"['skeptikerinnen', 'skeptikerin']",skeptikerin,f,"['klimaskeptikerinnen', 'klimaskeptikerin']"
klimaskeptizismus,skeptizismus,['skeptizismus'],skeptizismus,m,['klimaskeptizismus']
klimasozialismus,sozialismus,"['sozialismus', 'sozialismen']",sozialismus,m,"['klimasozialismus', 'klimasozialismen']"
klimaspinner,spinner,"['spinner', 'spinnern', 'spinners']",spinner,m,"['klimaspinner', 'klimaspinnern', 'klimaspinners']"
klimastaat,staat,"['staats', 'staate', 'stäte', 'staat', 'stäten', 'staaten', 'staates']",staat,m,"['klimastaats', 'klimastaate', 'klimastäte', 'klimastaat', 'klimastäten', 'klimastaaten', 'klimastaates']"
klimastopp,stopp,"['stopps', 'stopp']",stopp,m,"['klimastopps', 'klimastopp']"
klimastreit,streit,"['streite', 'streiten', 'streits', 'streites', 'streit']",streit,m,"['klimastreite', 'klimastreiten', 'klimastreits', 'klimastreites', 'klimastreit']"
klimastreiter,streiter,"['streiter', 'streitern', 'streiters']",streiter,m,"['klimastreiter', 'klimastreitern', 'klimastreiters']"
klimataliban,taliban,"['talibans', 'taliban']",taliban,m,"['klimatalibans', 'klimataliban']"
klimateppich,teppich,"['teppich', 'teppiche', 'teppichs', 'teppichen']",teppich,m,"['klimateppich', 'klimateppiche', 'klimateppichs', 'klimateppichen']"
klimateufel,teufel,"['teufel', 'teufeln', 'teufels']",teufel,m,"['klimateufel', 'klimateufeln', 'klimateufels']"
klimatheater,theater,"['theaters', 'theatern', 'theater']",theater,n,"['klimatheaters', 'klimatheatern', 'klimatheater']"
klimatheologie,theologie,"['theologie', 'theologien']",theologie,f,"['klimatheologie', 'klimatheologien']"
klimatod,tod,"['todes', 'tode', 'tod', 'tods', 'toden']",tod,m,"['klimatodes', 'klimatode', 'klimatod', 'klimatods', 'klimatoden']"
klimatrash,trash,"['trashs', 'trash']",trash,m,"['klimatrashs', 'klimatrash']"
klimatraumatisierung,traumatisierung,"['traumatisierungen', 'traumatisierung']",traumatisierung,f,"['klimatraumatisierungen', 'klimatraumatisierung']"
klimatrip,trip,"['trip', 'trips']",trip,m,"['klimatrip', 'klimatrips']"
klimatyrannei,tyrannei,"['tyrannei', 'tyranneien']",tyrannei,f,"['klimatyrannei', 'klimatyranneien']"
klimaunfug,unfug,"['unfugs', 'unfug']",unfug,m,"['klimaunfugs', 'klimaunfug']"
klimaunfähigkeit,unfähigkeit,"['unfähigkeiten', 'unfähigkeit']",unfähigkeit,f,"['klimaunfähigkeiten', 'klimaunfähigkeit']"
klimaungerechtigkeit,ungerechtigkeit,"['ungerechtigkeit', 'ungerechtigkeiten']",ungerechtigkeit,f,"['klimaungerechtigkeit', 'klimaungerechtigkeiten']"
klimaunsinn,unsinn,"['unsinn', 'unsinns', 'unsinne', 'unsinnes']",unsinn,m,"['klimaunsinn', 'klimaunsinns', 'klimaunsinne', 'klimaunsinnes']"
klimauntergang,untergang,"['untergängen', 'untergangs', 'untergang', 'untergange', 'unterganges', 'untergänge']",untergang,m,"['klimauntergängen', 'klimauntergangs', 'klimauntergang', 'klimauntergange', 'klimaunterganges', 'klimauntergänge']"
klimavatikan,vatikan,"['vatikan', 'vatikans']",vatikan,m,"['klimavatikan', 'klimavatikans']"
klimaverblödung,verblödung,['verblödung'],verblödung,f,['klimaverblödung']
klimaverbrechen,verbrechen,"['verbrechen', 'verbrechens']",verbrechen,n,"['klimaverbrechen', 'klimaverbrechens']"
klimaverbrecher,verbrecher,"['verbrechers', 'verbrechern', 'verbrecher']",verbrecher,m,"['klimaverbrechers', 'klimaverbrechern', 'klimaverbrecher']"
klimaverdummung,verdummung,['verdummung'],verdummung,f,['klimaverdummung']
klimaverleugnung,verleugnung,"['verleugnung', 'verleugnungen']",verleugnung,f,"['klimaverleugnung', 'klimaverleugnungen']"
klimavernunft,vernunft,['vernunft'],vernunft,f,['klimavernunft']
klimaverrücktheit,verrücktheit,"['verrücktheit', 'verrücktheiten']",verrücktheit,f,"['klimaverrücktheit', 'klimaverrücktheiten']"
klimaverstand,verstand,"['verstands', 'verstande', 'verstandes', 'verstand']",verstand,m,"['klimaverstands', 'klimaverstande', 'klimaverstandes', 'klimaverstand']"
klimaverteidigung,verteidigung,"['verteidigung', 'verteidigungen']",verteidigung,f,"['klimaverteidigung', 'klimaverteidigungen']"
klimaverweigerung,verweigerung,"['verweigerungen', 'verweigerung']",verweigerung,f,"['klimaverweigerungen', 'klimaverweigerung']"
klimaverwirrung,verwirrung,"['verwirrungen', 'verwirrung']",verwirrung,f,"['klimaverwirrungen', 'klimaverwirrung']"
klimavirus,virus,"['virus', 'viren']",virus,n,"['klimavirus', 'klimaviren']"
klimawahn,wahn,"['wahnen', 'wahne', 'wahnes', 'wahns', 'wahn']",wahn,m,"['klimawahnen', 'klimawahne', 'klimawahnes', 'klimawahns', 'klimawahn']"
klimawahnsinn,wahnsinn,"['wahnsinn', 'wahnsinns']",wahnsinn,m,"['klimawahnsinn', 'klimawahnsinns']"
klimawandler,wandler,"['wandler', 'wandlern', 'wandlers']",wandler,m,"['klimawandler', 'klimawandlern', 'klimawandlers']"
klimawarner,warner,"['warners', 'warner', 'warnern']",warner,m,"['klimawarners', 'klimawarner', 'klimawarnern']"
klimaweltuntergang,weltuntergang,"['weltuntergange', 'weltuntergang', 'weltunterganges', 'weltuntergängen', 'weltuntergangs', 'weltuntergänge']",weltuntergang,m,"['klimaweltuntergange', 'klimaweltuntergang', 'klimaweltunterganges', 'klimaweltuntergängen', 'klimaweltuntergangs', 'klimaweltuntergänge']"
klimawendehals,wendehals,"['wendehals', 'wendehalse', 'wendehälsen', 'wendehälse', 'wendehalses']",wendehals,m,"['klimawendehals', 'klimawendehalse', 'klimawendehälsen', 'klimawendehälse', 'klimawendehalses']"
klimawirklichkeit,wirklichkeit,"['wirklichkeit', 'wirklichkeiten']",wirklichkeit,f,"['klimawirklichkeit', 'klimawirklichkeiten']"
klimazar,zar,"['zar', 'zaren']",zar,m,"['klimazar', 'klimazaren']"
klimazerrüttung,zerrüttung,"['zerrüttung', 'zerrüttungen']",zerrüttung,f,"['klimazerrüttung', 'klimazerrüttungen']"
klimazerstörer,zerstörer,"['zerstörers', 'zerstörern', 'zerstörer']",zerstörer,m,"['klimazerstörers', 'klimazerstörern', 'klimazerstörer']"
klimazerstörung,zerstörung,"['zerstörung', 'zerstörungen']",zerstörung,f,"['klimazerstörung', 'klimazerstörungen']"
klimazeugs,zeugs,['zeugs'],zeugs,n,['klimazeugs']
klimazipfel,zipfel,"['zipfeln', 'zipfel', 'zipfels']",zipfel,m,"['klimazipfeln', 'klimazipfel', 'klimazipfels']"
klimazirkus,zirkus,"['zirkusse', 'zirkus', 'zirkussen', 'zirkusses']",zirkus,m,"['klimazirkusse', 'klimazirkus', 'klimazirkussen', 'klimazirkusses']"
klimazunft,zunft,"['zunft', 'zünfte', 'zünften']",zunft,f,"['klimazunft', 'klimazünfte', 'klimazünften']"
klimazwang,zwang,"['zwange', 'zwängen', 'zwangs', 'zwanges', 'zwang', 'zwänge']",zwang,m,"['klimazwange', 'klimazwängen', 'klimazwangs', 'klimazwanges', 'klimazwang', 'klimazwänge']"
klimaüberhitzung,überhitzung,"['überhitzungen', 'überhitzung']",überhitzung,f,"['klimaüberhitzungen', 'klimaüberhitzung']"
