original;compound_forms
Klimaabzockerei;Klimaabzockerei, Klimaabzockereien
Klimaaktivist;Klimaaktivist, Klimaaktivisten
Klimaaktivistin;Klimaaktivistin, Klimaaktivistinnen
Klimaalarm;Klimaalarme, Klimaalarmes, Klimaalarm, Klimaalarmen, Klimaalarms
Klimaalarmist;Klimaalarmist, Klimaalarmisten
Klimaanbeter;Klimaanbeters, Klimaanbetern, Klimaanbeter
Klimaapokalypse;Klimaapokalypse, Klimaapokalypsen
Klimaapokalyptiker;Klimaapokalyptikern, Klimaapokalyptiker, Klimaapokalyptikers
Klimaapostel;Klimaapostels, Klimaapostel, Klimaaposteln
Klimaargument;Klimaarguments, Klimaargumenten, Klimaargument, Klimaargumente, Klimaargumentes
Klimaarmageddon;Klimaarmageddon, Klimaarmageddons
Klimaasyl;Klimaasyls, Klimaasyle, Klimaasyl, Klimaasylen
Klimaaufschrei;Klimaaufschreien, Klimaaufschreis, Klimaaufschrei, Klimaaufschreie, Klimaaufschreies
Klimaaufstand;Klimaaufstand, Klimaaufstande, Klimaaufstände, Klimaaufstands, Klimaaufständen, Klimaaufstandes
Klimabankrott;Klimabankrotte, Klimabankrott, Klimabankrotten, Klimabankrotts, Klimabankrottes
Klimabeeinflussung;Klimabeeinflussungen, Klimabeeinflussung
Klimabefürworter;Klimabefürwortern, Klimabefürworter, Klimabefürworters
Klimabesorgnis;Klimabesorgnissen, Klimabesorgnis, Klimabesorgnisse
Klimabetrug;Klimabetruges, Klimabetrüge, Klimabetrügen, Klimabetruge, Klimabetrugs, Klimabetrug
Klimabetrüger;Klimabetrüger, Klimabetrügern, Klimabetrügers
Klimabibel;Klimabibel, Klimabibeln
Klimabigotterie;Klimabigotterien, Klimabigotterie
Klimabluff;Klimabluffs, Klimabluff
Klimablödsinn;Klimablödsinns, Klimablödsinn
Klimabrandstifter;Klimabrandstifters, Klimabrandstifter, Klimabrandstiftern
Klimabremser;Klimabremser, Klimabremsers, Klimabremsern
Klimacrash;Klimacrashs, Klimacrash, Klimacrashes
Klimadampfer;Klimadampfer, Klimadampfern, Klimadampfers
Klimademagoge;Klimademagoge, Klimademagogen
Klimadepression;Klimadepressionen, Klimadepression
Klimadiktatur;Klimadiktaturen, Klimadiktatur
Klimadogma;Klimadogmen, Klimadogmata, Klimadogma, Klimadogmas
Klimadonna;Klimadonna, Klimadonnas, Klimadonnen
Klimadürre;Klimadürren, Klimadürre
Klimaelite;Klimaeliten, Klimaelite
Klimaerkrankung;Klimaerkrankungen, Klimaerkrankung
Klimaerzählung;Klimaerzählung, Klimaerzählungen
Klimaestablishment;Klimaestablishment, Klimaestablishments
Klimaethik;Klimaethik, Klimaethiken
Klimaextremismus;Klimaextremismen, Klimaextremismus
Klimafachkraft;Klimafachkräften, Klimafachkraft, Klimafachkräfte
Klimafanatiker;Klimafanatikers, Klimafanatikern, Klimafanatiker
Klimafeind;Klimafeindes, Klimafeind, Klimafeinde, Klimafeinden, Klimafeinds
Klimafestung;Klimafestung, Klimafestungen
Klimafieber;Klimafiebern, Klimafiebers, Klimafieber
Klimafluch;Klimaflüche, Klimafluchs, Klimafluches, Klimaflüchen, Klimafluch
Klimaflüsterer;Klimaflüsterers, Klimaflüsterer, Klimaflüsterern
Klimafreund;Klimafreundes, Klimafreunds, Klimafreunde, Klimafreunden, Klimafreund
Klimafreundin;Klimafreundin, Klimafreundinnen
Klimafreundlichkeit;Klimafreundlichkeit, Klimafreundlichkeiten
Klimafront;Klimafronten, Klimafront
Klimaführerin;Klimaführerinnen, Klimaführerin
Klimagangster;Klimagangster, Klimagangsters, Klimagangstern
Klimagarde;Klimagarde, Klimagarden
Klimagau;Klimagauen, Klimagaus, Klimagau, Klimagaues, Klimagaue
Klimagefahr;Klimagefahr, Klimagefahren
Klimagefasel;Klimagefasels, Klimagefasel
Klimagerechtigkeit;Klimagerechtigkeiten, Klimagerechtigkeit
Klimageschrei;Klimageschrei, Klimageschreis
Klimageschäft;Klimageschäft, Klimageschäften, Klimageschäftes, Klimageschäfts, Klimageschäfte
Klimagesinnung;Klimagesinnung, Klimagesinnungen
Klimaglaube;Klimaglaubens, Klimaglaube, Klimaglauben
Klimaglaubensbekenntnis;Klimaglaubensbekenntnisse, Klimaglaubensbekenntnisses, Klimaglaubensbekenntnis, Klimaglaubensbekenntnissen
Klimaglaubenslehre;Klimaglaubenslehre, Klimaglaubenslehren
Klimagnom;Klimagnomen, Klimagnom, Klimagnoms, Klimagnome
Klimagott;Klimagötter, Klimagöttern, Klimagott, Klimagotte, Klimagottes, Klimagotts
Klimagöttin;Klimagöttinnen, Klimagöttin
Klimahardliner;Klimahardliners, Klimahardliner, Klimahardlinern
Klimaherausforderung;Klimaherausforderung, Klimaherausforderungen
Klimahoax;Klimahoaxes, Klimahoax
Klimahose;Klimahose, Klimahosen
Klimahype;Klimahype, Klimahypes
Klimahypothese;Klimahypothesen, Klimahypothese
Klimahysterie;Klimahysterien, Klimahysterie
Klimahysteriker;Klimahysteriker, Klimahysterikers, Klimahysterikern
Klimahölle;Klimahöllen, Klimahölle
Klimahüpfer;Klimahüpfer, Klimahüpfers, Klimahüpfern
Klimaideologie;Klimaideologie, Klimaideologien
Klimaikone;Klimaikonen, Klimaikone
Klimainsider;Klimainsiders, Klimainsider, Klimainsidern
Klimaintelligenz;Klimaintelligenzen, Klimaintelligenz
Klimairrsinn;Klimairrsinns, Klimairrsinnes, Klimairrsinn
Klimajünger;Klimajünger, Klimajüngers, Klimajüngern
Klimakabarett;Klimakabaretten, Klimakabaretts, Klimakabarett, Klimakabarette
Klimakaiserin;Klimakaiserin, Klimakaiserinnen
Klimakamarilla;Klimakamarilla, Klimakamarillen
Klimakampf;Klimakämpfen, Klimakampf, Klimakampfes, Klimakämpfe, Klimakampfs, Klimakampfe
Klimakanzler;Klimakanzler, Klimakanzlern, Klimakanzlers
Klimakanzlerin;Klimakanzlerinnen, Klimakanzlerin
Klimakarawane;Klimakarawane, Klimakarawanen
Klimakasteiung;Klimakasteiung, Klimakasteiungen
Klimakataklysmus;Klimakataklysmen, Klimakataklysmus
Klimakatastrophentheorie;Klimakatastrophentheorien, Klimakatastrophentheorie
Klimakatechismus;Klimakatechismus, Klimakatechismen
Klimaketzer;Klimaketzers, Klimaketzern, Klimaketzer
Klimakirche;Klimakirche, Klimakirchen
Klimaklamauk;Klimaklamauks, Klimaklamauk
Klimaklempner;Klimaklempners, Klimaklempner, Klimaklempnern
Klimakleriker;Klimakleriker, Klimaklerikers, Klimaklerikern
Klimakollekte;Klimakollekten, Klimakollekte
Klimakommissar;Klimakommissare, Klimakommissars, Klimakommissar, Klimakommissaren
Klimakompetenz;Klimakompetenz, Klimakompetenzen
Klimakonfusion;Klimakonfusion, Klimakonfusionen
Klimakonklave;Klimakonklaves, Klimakonklaven, Klimakonklave
Klimakonsens;Klimakonsensen, Klimakonsenses, Klimakonsense, Klimakonsens
Klimakonsortium;Klimakonsortien, Klimakonsortium, Klimakonsortiums
Klimakontrolle;Klimakontrolle, Klimakontrollen
Klimakontroverse;Klimakontroversen, Klimakontroverse
Klimakreuzzug;Klimakreuzzuge, Klimakreuzzuges, Klimakreuzzug, Klimakreuzzugs, Klimakreuzzügen, Klimakreuzzüge
Klimakrieg;Klimakriegs, Klimakriege, Klimakriegen, Klimakrieges, Klimakrieg
Klimakrieger;Klimakriegern, Klimakriegers, Klimakrieger
Klimakritik;Klimakritiken, Klimakritik
Klimakritiker;Klimakritiker, Klimakritikers, Klimakritikern
Klimakult;Klimakult, Klimakulte, Klimakulten, Klimakultes, Klimakults
Klimakäse;Klimakäsen, Klimakäses, Klimakäse
Klimakönigin;Klimakönigin, Klimaköniginnen
Klimalaie;Klimalaien, Klimalaie
Klimaleidenschaftlichkeit;Klimaleidenschaftlichkeiten, Klimaleidenschaftlichkeit
Klimaleugner;Klimaleugnern, Klimaleugner, Klimaleugners
Klimaleugnung;Klimaleugnungen, Klimaleugnung
Klimalobby;Klimalobby, Klimalobbys
Klimalösegeld;Klimalösegeldern, Klimalösegeldes, Klimalösegelds, Klimalösegeld, Klimalösegelder, Klimalösegelde
Klimalüge;Klimalügen, Klimalüge
Klimalügner;Klimalügner, Klimalügnern, Klimalügners
Klimamacher;Klimamachern, Klimamachers, Klimamacher
Klimamafia;Klimamafia, Klimamafias
Klimamahnwache;Klimamahnwache, Klimamahnwachen
Klimamanipulation;Klimamanipulationen, Klimamanipulation
Klimamantra;Klimamantras, Klimamantra, Klimamantren
Klimamilliardär;Klimamilliardärs, Klimamilliardäre, Klimamilliardären, Klimamilliardär
Klimamisere;Klimamiseren, Klimamisere
Klimamonster;Klimamonster, Klimamonsters, Klimamonstern
Klimamutti;Klimamuttis, Klimamutti
Klimamärchenonkel;Klimamärchenonkel, Klimamärchenonkeln, Klimamärchenonkels
Klimanationalismus;Klimanationalismen, Klimanationalismus
Klimanonsens;Klimanonsenses, Klimanonsens
Klimanotfall;Klimanotfälle, Klimanotfällen, Klimanotfalls, Klimanotfall, Klimanotfalle, Klimanotfalles
Klimanotlage;Klimanotlagen, Klimanotlage
Klimanotstandsregierung;Klimanotstandsregierung, Klimanotstandsregierungen
Klimapanik;Klimapanik, Klimapaniken
Klimapanikmache;Klimapanikmache
Klimapapst;Klimapapste, Klimapapstes, Klimapäpste, Klimapapsts, Klimapapst, Klimapäpsten
Klimaparadies;Klimaparadiesen, Klimaparadieses, Klimaparadiese, Klimaparadies
Klimapflicht;Klimapflicht, Klimapflichten
Klimaplanwirtschaft;Klimaplanwirtschaft, Klimaplanwirtschaften
Klimapolemik;Klimapolemik, Klimapolemiken
Klimaprediger;Klimaprediger, Klimapredigern, Klimapredigers
Klimapresse;Klimapressen, Klimapresse
Klimaprofessor;Klimaprofessor, Klimaprofessoren, Klimaprofessors
Klimaprofiteur;Klimaprofiteuren, Klimaprofiteur, Klimaprofiteure, Klimaprofiteurs
Klimapropagandafilm;Klimapropagandafilmen, Klimapropagandafilme, Klimapropagandafilm, Klimapropagandafilmes, Klimapropagandafilms
Klimapropagandist;Klimapropagandisten, Klimapropagandist
Klimaprotestler;Klimaprotestler, Klimaprotestlern, Klimaprotestlers
Klimapseudowissenschaft;Klimapseudowissenschaft, Klimapseudowissenschaften
Klimapäckchen;Klimapäckchen, Klimapäckchens
Klimapäpstin;Klimapäpstinnen, Klimapäpstin
Klimaquatsch;Klimaquatsch, Klimaquatsches, Klimaquatsche, Klimaquatschs
Klimarealismus;Klimarealismus, Klimarealismen
Klimarealist;Klimarealisten, Klimarealist
Klimareligion;Klimareligion, Klimareligionen
Klimaretter;Klimarettern, Klimaretters, Klimaretter
Klimaretterin;Klimaretterin, Klimaretterinnen
Klimarettung;Klimarettung, Klimarettungen
Klimascharade;Klimascharaden, Klimascharade
Klimaschiff;Klimaschiffen, Klimaschiffes, Klimaschiffe, Klimaschiffs, Klimaschiff
Klimaschmerz;Klimaschmerz, Klimaschmerzes, Klimaschmerzen, Klimaschmerze
Klimaschrecken;Klimaschrecken, Klimaschreckens
Klimaschuld;Klimaschuld, Klimaschulden
Klimaschwachsinn;Klimaschwachsinne, Klimaschwachsinns, Klimaschwachsinn, Klimaschwachsinnes
Klimaschwindel;Klimaschwindel, Klimaschwindels
Klimaschwindler;Klimaschwindler, Klimaschwindlern, Klimaschwindlers
Klimaschänder;Klimaschändern, Klimaschänders, Klimaschänder
Klimaschändung;Klimaschändungen, Klimaschändung
Klimasekte;Klimasekten, Klimasekte
Klimasektierer;Klimasektierer, Klimasektierern, Klimasektierers
Klimashow;Klimashows, Klimashow
Klimaskeptiker;Klimaskeptiker, Klimaskeptikern, Klimaskeptikers
Klimaskeptikerin;Klimaskeptikerinnen, Klimaskeptikerin
Klimaskeptizismus;Klimaskeptizismus
Klimasozialismus;Klimasozialismus, Klimasozialismen
Klimaspinner;Klimaspinnern, Klimaspinner, Klimaspinners
Klimastaat;Klimastaat, Klimastaats, Klimastaaten, Klimastaates, Klimastaate, Klimastäte, Klimastäten
Klimastopp;Klimastopps, Klimastopp
Klimastreit;Klimastreits, Klimastreiten, Klimastreit, Klimastreite, Klimastreites
Klimastreiter;Klimastreiter, Klimastreiters, Klimastreitern
Klimataliban;Klimataliban, Klimatalibans
Klimateppich;Klimateppichs, Klimateppiche, Klimateppichen, Klimateppich
Klimateufel;Klimateufels, Klimateufeln, Klimateufel
Klimatheater;Klimatheater, Klimatheatern, Klimatheaters
Klimatheologie;Klimatheologien, Klimatheologie
Klimatod;Klimatod, Klimatoden, Klimatode, Klimatodes, Klimatods
Klimatrash;Klimatrashs, Klimatrash
Klimatraumatisierung;Klimatraumatisierung, Klimatraumatisierungen
Klimatrip;Klimatrip, Klimatrips
Klimatyrannei;Klimatyrannei, Klimatyranneien
Klimaunfug;Klimaunfug, Klimaunfugs
Klimaunfähigkeit;Klimaunfähigkeit, Klimaunfähigkeiten
Klimaungerechtigkeit;Klimaungerechtigkeiten, Klimaungerechtigkeit
Klimaunsinn;Klimaunsinns, Klimaunsinn, Klimaunsinne, Klimaunsinnes
Klimauntergang;Klimaunterganges, Klimauntergang, Klimauntergange, Klimauntergänge, Klimauntergängen, Klimauntergangs
Klimavatikan;Klimavatikan, Klimavatikans
Klimaverbrechen;Klimaverbrechen, Klimaverbrechens
Klimaverbrecher;Klimaverbrechers, Klimaverbrechern, Klimaverbrecher
Klimaverleugnung;Klimaverleugnungen, Klimaverleugnung
Klimaverrücktheit;Klimaverrücktheiten, Klimaverrücktheit
Klimaverstand;Klimaverstand, Klimaverstands, Klimaverstandes, Klimaverstande
Klimaverteidigung;Klimaverteidigungen, Klimaverteidigung
Klimaverweigerung;Klimaverweigerungen, Klimaverweigerung
Klimaverwirrung;Klimaverwirrung, Klimaverwirrungen
Klimavirus;Klimaviren, Klimavirus
Klimawahn;Klimawahns, Klimawahnen, Klimawahnes, Klimawahn, Klimawahne
Klimawahnsinn;Klimawahnsinn, Klimawahnsinns
Klimawandler;Klimawandlern, Klimawandler, Klimawandlers
Klimawarner;Klimawarner, Klimawarnern, Klimawarners
Klimaweltuntergang;Klimaweltuntergange, Klimaweltuntergangs, Klimaweltuntergang, Klimaweltuntergänge, Klimaweltuntergängen, Klimaweltunterganges
Klimawendehals;Klimawendehälse, Klimawendehälsen, Klimawendehalse, Klimawendehals, Klimawendehalses
Klimawirklichkeit;Klimawirklichkeiten, Klimawirklichkeit
Klimazar;Klimazaren, Klimazar
Klimazerrüttung;Klimazerrüttung, Klimazerrüttungen
Klimazerstörer;Klimazerstörern, Klimazerstörers, Klimazerstörer
Klimazerstörung;Klimazerstörung, Klimazerstörungen
Klimazipfel;Klimazipfeln, Klimazipfel, Klimazipfels
Klimazirkus;Klimazirkussen, Klimazirkus, Klimazirkusse, Klimazirkusses
Klimazunft;Klimazünfte, Klimazunft, Klimazünften
Klimazwang;Klimazwängen, Klimazwangs, Klimazwang, Klimazwänge, Klimazwanges, Klimazwange
Klimaüberhitzung;Klimaüberhitzungen, Klimaüberhitzung